,Age,SibSp,Parch,LogFare,Sex_male,Sex_female,Pclass_1,Pclass_2,Pclass_3,Embarked_C,Embarked_Q,Embarked_S
0,22.0,1,0,2.1102132003465894,1,0,0,0,1,0,0,1
1,38.0,1,0,4.2805931204649,0,1,1,0,0,1,0,0
2,26.0,0,0,2.188856327665703,0,1,0,0,1,0,0,1
3,35.0,1,0,3.9908341858524357,0,1,1,0,0,0,0,1
4,35.0,0,0,2.2027647577118348,1,0,0,0,1,0,0,1
5,24.0,0,0,2.246892662898172,1,0,0,0,1,0,1,0
6,54.0,0,0,3.967694202798607,1,0,1,0,0,0,0,1
7,2.0,3,1,3.0944457464900235,1,0,0,0,1,0,0,1
8,27.0,0,2,2.495953738718064,0,1,0,0,1,0,0,1
9,14.0,1,0,3.436268471383741,0,1,0,1,0,1,0,0
10,4.0,1,1,2.8735646395797834,0,1,0,0,1,0,0,1
11,58.0,0,0,3.3160025355989236,0,1,1,0,0,0,0,1
12,20.0,0,0,2.2027647577118348,1,0,0,0,1,0,0,1
13,39.0,1,5,3.4742929367327062,1,0,0,0,1,0,0,1
14,14.0,0,0,2.180891922715322,0,1,0,0,1,0,0,1
15,55.0,0,0,2.833213344056216,0,1,0,1,0,0,0,1
16,2.0,4,1,3.405355391810819,1,0,0,0,1,0,1,0
17,24.0,0,0,2.6390573296152584,1,0,0,1,0,0,0,1
18,31.0,1,0,2.9444389791664403,0,1,0,0,1,0,0,1
19,24.0,0,0,2.1071782966514356,0,1,0,0,1,1,0,0
20,35.0,0,0,3.295836866004329,1,0,0,1,0,0,0,1
21,34.0,0,0,2.6390573296152584,1,0,0,1,0,0,0,1
22,15.0,0,0,2.2004637699272855,0,1,0,0,1,0,1,0
23,28.0,0,0,3.597312260588446,1,0,1,0,0,0,0,1
24,8.0,3,1,3.0944457464900235,0,1,0,0,1,0,0,1
25,38.0,1,5,3.4777725458882283,0,1,0,0,1,0,0,1
26,24.0,0,0,2.1071782966514356,1,0,0,0,1,1,0,0
27,19.0,3,2,5.575949103146316,1,0,1,0,0,0,0,1
28,24.0,0,0,2.1837114628556327,0,1,0,0,1,0,1,0
29,24.0,0,0,2.1855792552411137,1,0,0,0,1,0,0,1
30,40.0,0,0,3.357621598945279,1,0,1,0,0,1,0,0
31,24.0,1,0,4.993969182787072,0,1,1,0,0,1,0,0
32,24.0,0,0,2.169053700369523,0,1,0,0,1,0,1,0
33,66.0,0,0,2.4423470353692043,1,0,0,1,0,0,0,1
34,28.0,1,0,4.420896324687287,1,0,1,0,0,1,0,0
35,42.0,1,0,3.970291913552122,1,0,1,0,0,0,0,1
36,24.0,0,0,2.1076888046179385,1,0,0,0,1,1,0,0
37,21.0,0,0,2.2027647577118348,1,0,0,0,1,0,0,1
38,18.0,2,0,2.9444389791664403,0,1,0,0,1,0,0,1
39,14.0,1,0,2.5048481563289,0,1,0,0,1,1,0,0
40,40.0,1,0,2.348991465808201,0,1,0,0,1,0,0,1
41,27.0,1,0,3.091042453358316,0,1,0,1,0,0,0,1
42,24.0,0,0,2.1855792552411137,1,0,0,0,1,1,0,0
43,3.0,1,2,3.7513658711253766,0,1,0,1,0,1,0,0
44,19.0,0,0,2.1837114628556327,0,1,0,0,1,0,1,0
45,24.0,0,0,2.2027647577118348,1,0,0,0,1,0,0,1
46,24.0,1,0,2.803360380906535,1,0,0,0,1,0,1,0
47,24.0,0,0,2.169053700369523,0,1,0,0,1,0,1,0
48,24.0,2,0,3.1214482048688246,1,0,0,0,1,1,0,0
49,18.0,1,0,2.9338568698359038,0,1,0,0,1,0,0,1
50,7.0,4,1,3.705920919968788,1,0,0,0,1,0,0,1
51,21.0,0,0,2.174751721484161,1,0,0,0,1,0,0,1
52,49.0,1,0,4.353230991152628,0,1,1,0,0,1,0,0
53,29.0,1,0,3.295836866004329,0,1,0,1,0,0,0,1
54,65.0,0,1,4.142804513146981,1,0,1,0,0,1,0,0
55,24.0,0,0,3.597312260588446,1,0,1,0,0,0,0,1
56,21.0,0,0,2.4423470353692043,0,1,0,1,0,0,0,1
57,28.5,0,0,2.1076888046179385,1,0,0,0,1,1,0,0
58,5.0,1,2,3.3586377672433594,0,1,0,1,0,0,0,1
59,11.0,5,2,3.8691155044168695,1,0,0,0,1,0,0,1
60,22.0,0,0,2.1076888046179385,1,0,0,0,1,1,0,0
61,38.0,0,0,4.394449154672439,0,1,1,0,0,0,0,1
62,45.0,1,0,4.436455632600354,1,0,1,0,0,0,0,1
63,4.0,3,2,3.3638415951183864,1,0,0,0,1,0,0,1
64,24.0,0,0,3.357621598945279,1,0,1,0,0,1,0,0
65,24.0,1,1,2.7878344138303452,1,0,0,0,1,1,0,0
66,29.0,0,0,2.4423470353692043,0,1,0,1,0,0,0,1
67,19.0,0,0,2.2146605719425225,1,0,0,0,1,0,0,1
68,17.0,4,2,2.188856327665703,0,1,0,0,1,0,0,1
69,26.0,2,0,2.2682524139135403,1,0,0,0,1,0,0,1
70,32.0,0,0,2.4423470353692043,1,0,0,1,0,0,0,1
71,16.0,5,2,3.8691155044168695,0,1,0,0,1,0,0,1
72,21.0,0,0,4.310799125385514,1,0,0,1,0,0,0,1
73,26.0,1,0,2.737880811060884,1,0,0,0,1,1,0,0
74,32.0,0,0,4.05171190165724,1,0,0,0,1,0,0,1
75,25.0,0,0,2.157559320943788,1,0,0,0,1,0,0,1
76,24.0,0,0,2.1855792552411137,1,0,0,0,1,0,0,1
77,24.0,0,0,2.2027647577118348,1,0,0,0,1,0,0,1
78,0.83,0,2,3.4011973816621555,1,0,0,1,0,0,0,1
79,30.0,0,0,2.600836116795061,0,1,0,0,1,0,0,1
80,22.0,0,0,2.302585092994046,1,0,0,0,1,0,0,1
81,29.0,0,0,2.3513752571634776,1,0,0,0,1,0,0,1
82,24.0,0,0,2.1733302571367834,0,1,0,0,1,0,1,0
83,28.0,0,0,3.8732821771117156,1,0,1,0,0,0,0,1
84,17.0,0,0,2.4423470353692043,0,1,0,1,0,0,0,1
85,33.0,3,0,2.8243506567983707,0,1,0,0,1,0,0,1
86,16.0,1,3,3.5660053559634015,1,0,0,0,1,0,0,1
87,24.0,0,0,2.2027647577118348,1,0,0,0,1,0,0,1
88,23.0,3,2,5.575949103146316,0,1,1,0,0,0,0,1
89,24.0,0,0,2.2027647577118348,1,0,0,0,1,0,0,1
90,29.0,0,0,2.2027647577118348,1,0,0,0,1,0,0,1
91,20.0,0,0,2.180891922715322,1,0,0,0,1,0,0,1
92,46.0,1,0,4.1299529896894684,1,0,1,0,0,0,0,1
93,26.0,1,2,3.0715352369694915,1,0,0,0,1,0,0,1
94,59.0,0,0,2.1102132003465894,1,0,0,0,1,0,0,1
95,24.0,0,0,2.2027647577118348,1,0,0,0,1,0,0,1
96,71.0,0,0,3.57386695198272,1,0,1,0,0,1,0,0
97,23.0,0,1,4.164465907853638,1,0,1,0,0,1,0,0
98,34.0,0,1,3.1780538303479458,0,1,0,1,0,0,0,1
99,34.0,1,0,3.295836866004329,1,0,0,1,0,0,0,1
100,28.0,0,0,2.1855792552411137,0,1,0,0,1,0,0,1
101,24.0,0,0,2.1855792552411137,1,0,0,0,1,0,0,1
102,21.0,0,1,4.360387947851531,1,0,1,0,0,0,0,1
103,33.0,0,0,2.267393053825037,1,0,0,0,1,0,0,1
104,37.0,2,0,2.188856327665703,1,0,0,0,1,0,0,1
105,28.0,0,0,2.1855792552411137,1,0,0,0,1,0,0,1
106,21.0,0,0,2.157559320943788,0,1,0,0,1,0,0,1
107,24.0,0,0,2.1719067693519296,1,0,0,0,1,0,0,1
108,38.0,0,0,2.1855792552411137,1,0,0,0,1,0,0,1
109,24.0,1,0,3.224857896545748,0,1,0,0,1,0,1,0
110,47.0,0,0,3.970291913552122,1,0,1,0,0,0,0,1
111,14.5,1,0,2.737880811060884,0,1,0,0,1,1,0,0
112,22.0,0,0,2.2027647577118348,1,0,0,0,1,0,0,1
113,20.0,1,0,2.3818582738885534,0,1,0,0,1,0,0,1
114,17.0,0,0,2.738146075922933,0,1,0,0,1,1,0,0
115,21.0,0,0,2.188856327665703,1,0,0,0,1,0,0,1
116,70.5,0,0,2.169053700369523,1,0,0,0,1,0,1,0
117,29.0,1,0,3.091042453358316,1,0,0,1,0,0,0,1
118,24.0,0,1,5.515526544247129,1,0,1,0,0,1,0,0
119,2.0,4,2,3.4742929367327062,0,1,0,0,1,0,0,1
120,21.0,2,0,4.310799125385514,1,0,0,1,0,0,0,1
121,24.0,0,0,2.2027647577118348,1,0,0,0,1,0,0,1
122,32.5,1,0,3.436268471383741,1,0,0,1,0,1,0,0
123,32.5,0,0,2.6390573296152584,0,1,0,1,0,0,0,1
124,54.0,0,1,4.360387947851531,1,0,1,0,0,0,0,1
125,12.0,1,0,2.5048481563289,1,0,0,0,1,1,0,0
126,24.0,0,0,2.169053700369523,1,0,0,0,1,0,1,0
127,24.0,0,0,2.0969990034181696,1,0,0,0,1,0,0,1
128,24.0,1,1,3.1509523813392697,0,1,0,0,1,1,0,0
129,45.0,0,0,2.076311648670908,1,0,0,0,1,0,0,1
130,33.0,0,0,2.1855792552411137,1,0,0,0,1,1,0,0
131,20.0,0,0,2.0856720914304723,1,0,0,0,1,0,0,1
132,47.0,1,0,2.740840023925201,0,1,0,0,1,0,0,1
133,29.0,1,0,3.295836866004329,0,1,0,1,0,0,0,1
134,25.0,0,0,2.6390573296152584,1,0,0,1,0,0,0,1
135,23.0,0,0,2.775447133088262,1,0,0,1,0,1,0,0
136,19.0,0,2,3.3062747934011893,0,1,1,0,0,0,0,1
137,37.0,1,0,3.9908341858524357,1,0,1,0,0,0,0,1
138,16.0,0,0,2.3240236363515288,1,0,0,0,1,0,0,1
139,24.0,0,0,4.384523514872469,1,0,1,0,0,1,0,0
140,24.0,0,2,2.7878344138303452,0,1,0,0,1,1,0,0
141,22.0,0,0,2.169053700369523,0,1,0,0,1,0,0,1
142,24.0,1,0,2.8243506567983707,0,1,0,0,1,0,0,1
143,19.0,0,0,2.0476928433652555,1,0,0,0,1,0,1,0
144,18.0,0,0,2.5257286443082556,1,0,0,1,0,0,0,1
145,19.0,1,1,3.6309854756950335,1,0,0,1,0,0,0,1
146,27.0,0,0,2.174274334826008,1,0,0,0,1,0,0,1
147,9.0,2,2,3.5660053559634015,0,1,0,0,1,0,0,1
148,36.5,0,2,3.295836866004329,1,0,0,1,0,0,0,1
149,42.0,0,0,2.6390573296152584,1,0,0,1,0,0,0,1
150,51.0,0,0,2.6045398247325453,1,0,0,1,0,0,0,1
151,22.0,1,0,4.213607983048918,0,1,1,0,0,0,0,1
152,55.5,0,0,2.2027647577118348,1,0,0,0,1,0,0,1
153,40.5,0,2,2.740840023925201,1,0,0,0,1,0,0,1
154,24.0,0,0,2.1177604059819726,1,0,0,0,1,0,0,1
155,51.0,0,1,4.133231886474144,1,0,1,0,0,1,0,0
156,16.0,0,0,2.167143305297764,0,1,0,0,1,0,1,0
157,30.0,0,0,2.2027647577118348,1,0,0,0,1,0,0,1
158,24.0,0,0,2.2682524139135403,1,0,0,0,1,0,0,1
159,24.0,8,2,4.256321678298823,1,0,0,0,1,0,0,1
160,44.0,0,1,2.8390784635086144,1,0,0,0,1,0,0,1
161,40.0,0,0,2.8183982582710754,0,1,0,1,0,0,0,1
162,26.0,0,0,2.1719067693519296,1,0,0,0,1,0,0,1
163,17.0,0,0,2.2682524139135403,1,0,0,0,1,0,0,1
164,1.0,4,1,3.705920919968788,1,0,0,0,1,0,0,1
165,9.0,0,2,3.0692150503137943,1,0,0,0,1,0,0,1
166,24.0,0,1,4.02535169073515,0,1,1,0,0,0,0,1
167,45.0,1,4,3.3638415951183864,0,1,0,0,1,0,0,1
168,24.0,0,0,3.2930552230424524,1,0,1,0,0,0,0,1
169,28.0,0,0,4.05171190165724,1,0,0,0,1,0,0,1
170,61.0,0,0,3.5409593240373143,1,0,1,0,0,0,0,1
171,4.0,4,1,3.405355391810819,1,0,0,0,1,0,1,0
172,1.0,1,1,2.495953738718064,0,1,0,0,1,0,0,1
173,21.0,0,0,2.188856327665703,1,0,0,0,1,0,0,1
174,56.0,0,0,3.4561841799918147,1,0,1,0,0,1,0,0
175,18.0,1,1,2.180891922715322,1,0,0,0,1,0,0,1
176,24.0,3,1,3.275887339030031,1,0,0,0,1,0,0,1
177,50.0,0,0,3.391567832686312,0,1,1,0,0,1,0,0
178,30.0,0,0,2.6390573296152584,1,0,0,1,0,0,0,1
179,36.0,0,0,0.0,1,0,0,0,1,0,0,1
180,24.0,8,2,4.256321678298823,0,1,0,0,1,0,0,1
181,24.0,0,0,2.775708849576025,1,0,0,1,0,1,0,0
182,9.0,4,2,3.4777725458882283,1,0,0,0,1,0,0,1
183,1.0,2,1,3.6888794541139363,1,0,0,1,0,0,0,1
184,4.0,0,2,3.1365805821413706,0,1,0,0,1,0,0,1
185,24.0,0,0,3.9318256327243257,1,0,1,0,0,0,0,1
186,24.0,1,0,2.803360380906535,0,1,0,0,1,0,1,0
187,45.0,0,0,3.3160025355989236,1,0,1,0,0,0,0,1
188,40.0,1,1,2.803360380906535,1,0,0,0,1,0,1,0
189,36.0,0,0,2.1855792552411137,1,0,0,0,1,0,0,1
190,32.0,0,0,2.6390573296152584,0,1,0,1,0,0,0,1
191,19.0,0,0,2.6390573296152584,1,0,0,1,0,0,0,1
192,19.0,1,0,2.180891922715322,0,1,0,0,1,0,0,1
193,3.0,1,1,3.295836866004329,1,0,0,1,0,0,0,1
194,44.0,0,0,3.357621598945279,0,1,1,0,0,1,0,0
195,58.0,0,0,4.993969182787072,0,1,1,0,0,1,0,0
196,24.0,0,0,2.169053700369523,1,0,0,0,1,0,1,0
197,42.0,0,1,2.2411563979973974,1,0,0,0,1,0,0,1
198,24.0,0,0,2.169053700369523,0,1,0,0,1,0,1,0
199,24.0,0,0,2.6390573296152584,0,1,0,1,0,0,0,1
200,28.0,0,0,2.3513752571634776,1,0,0,0,1,0,0,1
201,24.0,8,2,4.256321678298823,1,0,0,0,1,0,0,1
202,34.0,0,0,2.0143428636837015,1,0,0,0,1,0,0,1
203,45.5,0,0,2.1071782966514356,1,0,0,0,1,1,0,0
204,18.0,0,0,2.2027647577118348,1,0,0,0,1,0,0,1
205,2.0,0,1,2.4390808375825834,0,1,0,0,1,0,0,1
206,32.0,1,0,2.8243506567983707,1,0,0,0,1,0,0,1
207,26.0,0,0,2.9850504252071306,1,0,0,0,1,1,0,0
208,16.0,0,0,2.169053700369523,0,1,0,0,1,0,1,0
209,40.0,0,0,3.4657359027997265,1,0,1,0,0,1,0,0
210,24.0,0,0,2.0856720914304723,1,0,0,0,1,0,0,1
211,35.0,0,0,3.091042453358316,0,1,0,1,0,0,0,1
212,22.0,0,0,2.1102132003465894,1,0,0,0,1,0,0,1
213,30.0,0,0,2.6390573296152584,1,0,0,1,0,0,0,1
214,24.0,1,0,2.169053700369523,1,0,0,0,1,0,1,0
215,31.0,1,0,4.738607824217808,0,1,1,0,0,1,0,0
216,27.0,0,0,2.188856327665703,0,1,0,0,1,0,0,1
217,42.0,1,0,3.332204510175204,1,0,0,1,0,0,0,1
218,32.0,0,0,4.347586575960343,0,1,1,0,0,1,0,0
219,30.0,0,0,2.4423470353692043,1,0,0,1,0,0,0,1
220,16.0,0,0,2.2027647577118348,1,0,0,0,1,0,0,1
221,27.0,0,0,2.6390573296152584,1,0,0,1,0,0,0,1
222,51.0,0,0,2.2027647577118348,1,0,0,0,1,0,0,1
223,24.0,0,0,2.1855792552411137,1,0,0,0,1,0,0,1
224,38.0,1,0,4.51085950651685,1,0,1,0,0,0,0,1
225,22.0,0,0,2.336986519711378,1,0,0,0,1,0,0,1
226,19.0,0,0,2.4423470353692043,1,0,0,1,0,0,0,1
227,20.5,0,0,2.1102132003465894,1,0,0,0,1,0,0,1
228,18.0,0,0,2.6390573296152584,1,0,0,1,0,0,0,1
229,24.0,3,1,3.275887339030031,0,1,0,0,1,0,0,1
230,35.0,1,0,4.436455632600354,0,1,1,0,0,0,0,1
231,29.0,0,0,2.1719067693519296,1,0,0,0,1,0,0,1
232,59.0,0,0,2.6741486494265287,1,0,0,1,0,0,0,1
233,5.0,4,2,3.4777725458882283,0,1,0,0,1,0,0,1
234,24.0,0,0,2.4423470353692043,1,0,0,1,0,0,0,1
235,24.0,0,0,2.145931282948669,0,1,0,0,1,0,0,1
236,44.0,1,0,3.295836866004329,1,0,0,1,0,0,0,1
237,8.0,0,2,3.305053521109253,0,1,0,1,0,0,0,1
238,19.0,0,0,2.4423470353692043,1,0,0,1,0,0,0,1
239,33.0,0,0,2.5858825671280026,1,0,0,1,0,0,0,1
240,24.0,1,0,2.737880811060884,0,1,0,0,1,1,0,0
241,24.0,1,0,2.803360380906535,0,1,0,0,1,0,1,0
242,29.0,0,0,2.4423470353692043,1,0,0,1,0,0,0,1
243,22.0,0,0,2.094945728215801,1,0,0,0,1,0,0,1
244,30.0,0,0,2.1071782966514356,1,0,0,0,1,1,0,0
245,44.0,2,0,4.51085950651685,1,0,1,0,0,0,1,0
246,25.0,0,0,2.1719067693519296,0,1,0,0,1,0,0,1
247,24.0,0,2,2.740840023925201,0,1,0,1,0,0,0,1
248,37.0,1,1,3.9806942251907276,1,0,1,0,0,0,0,1
249,54.0,1,0,3.295836866004329,1,0,0,1,0,0,0,1
250,24.0,0,0,2.1102132003465894,1,0,0,0,1,0,0,1
251,29.0,1,1,2.4390808375825834,0,1,0,0,1,0,0,1
252,62.0,0,0,3.3160025355989236,1,0,1,0,0,0,0,1
253,30.0,1,0,2.8390784635086144,1,0,0,0,1,0,0,1
254,41.0,0,2,3.0545906305603445,0,1,0,0,1,0,0,1
255,29.0,0,2,2.7878344138303452,0,1,0,0,1,1,0,0
256,24.0,0,0,4.384523514872469,0,1,1,0,0,1,0,0
257,30.0,0,0,4.471638793363569,0,1,1,0,0,0,0,1
258,35.0,0,0,6.240917354759096,0,1,1,0,0,1,0,0
259,50.0,0,1,3.295836866004329,0,1,0,1,0,0,0,1
260,24.0,0,0,2.169053700369523,1,0,0,0,1,0,1,0
261,3.0,4,2,3.4777725458882283,1,0,0,0,1,0,0,1
262,52.0,1,1,4.390118804571218,1,0,1,0,0,0,0,1
263,40.0,0,0,0.0,1,0,1,0,0,0,0,1
264,24.0,0,0,2.169053700369523,0,1,0,0,1,0,1,0
265,36.0,0,0,2.4423470353692043,1,0,0,1,0,0,0,1
266,16.0,4,1,3.705920919968788,1,0,0,0,1,0,0,1
267,25.0,1,0,2.1719067693519296,1,0,0,0,1,0,0,1
268,58.0,0,1,5.039951348430309,0,1,1,0,0,0,0,1
269,35.0,0,0,4.91730069488021,0,1,1,0,0,0,0,1
270,24.0,0,0,3.4657359027997265,1,0,1,0,0,0,0,1
271,25.0,0,0,0.0,1,0,0,0,1,0,0,1
272,41.0,0,1,3.0204248861443626,0,1,0,1,0,0,0,1
273,37.0,0,1,3.4242626545931514,1,0,1,0,0,1,0,0
274,24.0,0,0,2.169053700369523,0,1,0,0,1,0,1,0
275,63.0,1,0,4.368919865004903,0,1,1,0,0,0,0,1
276,45.0,0,0,2.169053700369523,0,1,0,0,1,0,0,1
277,24.0,0,0,0.0,1,0,0,1,0,0,0,1
278,7.0,4,1,3.405355391810819,1,0,0,0,1,0,1,0
279,35.0,1,1,3.056356895370426,0,1,0,0,1,0,0,1
280,65.0,0,0,2.169053700369523,1,0,0,0,1,0,1,0
281,28.0,0,0,2.180891922715322,1,0,0,0,1,0,0,1
282,16.0,0,0,2.3513752571634776,1,0,0,0,1,0,0,1
283,19.0,0,0,2.2027647577118348,1,0,0,0,1,0,0,1
284,24.0,0,0,3.295836866004329,1,0,1,0,0,0,0,1
285,33.0,0,0,2.2682524139135403,1,0,0,0,1,1,0,0
286,30.0,0,0,2.3513752571634776,1,0,0,0,1,0,0,1
287,22.0,0,0,2.1855792552411137,1,0,0,0,1,0,0,1
288,42.0,0,0,2.6390573296152584,1,0,0,1,0,0,0,1
289,22.0,0,0,2.169053700369523,0,1,0,0,1,0,1,0
290,26.0,0,0,4.380149874661021,0,1,1,0,0,0,0,1
291,19.0,1,0,4.5226490762785785,0,1,1,0,0,1,0,0
292,36.0,0,0,2.630088659632498,1,0,0,1,0,1,0,0
293,24.0,0,0,2.2874714551839976,0,1,0,0,1,0,0,1
294,24.0,0,0,2.1855792552411137,1,0,0,0,1,0,0,1
295,24.0,0,0,3.357621598945279,1,0,1,0,0,1,0,0
296,23.5,0,0,2.1076888046179385,1,0,0,0,1,1,0,0
297,2.0,1,2,5.027492411162679,0,1,1,0,0,0,0,1
298,24.0,0,0,3.449987545831587,1,0,1,0,0,0,0,1
299,50.0,0,1,5.515526544247129,0,1,1,0,0,1,0,0
300,24.0,0,0,2.169053700369523,0,1,0,0,1,0,1,0
301,24.0,2,0,3.188416617383492,1,0,0,0,1,0,1,0
302,19.0,0,0,0.0,1,0,0,0,1,0,0,1
303,24.0,0,0,2.5915163848462583,0,1,0,1,0,0,1,0
304,24.0,0,0,2.2027647577118348,1,0,0,0,1,0,0,1
305,0.92,1,2,5.027492411162679,1,0,1,0,0,0,0,1
306,24.0,0,0,4.717456363787216,0,1,1,0,0,1,0,0
307,17.0,1,0,4.699570861409576,0,1,1,0,0,1,0,0
308,30.0,1,0,3.2188758248682006,1,0,0,1,0,1,0,0
309,30.0,0,0,4.0592215752427645,0,1,1,0,0,1,0,0
310,24.0,0,0,4.432699549165613,0,1,1,0,0,1,0,0
311,18.0,2,2,5.5735788721243535,0,1,1,0,0,1,0,0
312,26.0,1,1,3.295836866004329,0,1,0,1,0,0,0,1
313,28.0,0,0,2.1855792552411137,1,0,0,0,1,0,0,1
314,43.0,1,1,3.305053521109253,1,0,0,1,0,0,0,1
315,26.0,0,0,2.180891922715322,0,1,0,0,1,0,0,1
316,24.0,1,0,3.295836866004329,0,1,0,1,0,0,0,1
317,54.0,0,0,2.70805020110221,1,0,0,1,0,0,0,1
318,31.0,0,2,5.11118445372147,0,1,1,0,0,0,0,1
319,40.0,1,1,4.908971640319756,0,1,1,0,0,1,0,0
320,22.0,0,0,2.1102132003465894,1,0,0,0,1,0,0,1
321,27.0,0,0,2.1855792552411137,1,0,0,0,1,0,0,1
322,30.0,0,0,2.5915163848462583,0,1,0,1,0,0,1,0
323,22.0,1,1,3.4011973816621555,0,1,0,1,0,0,0,1
324,24.0,8,2,4.256321678298823,1,0,0,0,1,0,0,1
325,36.0,0,0,4.91730069488021,0,1,1,0,0,1,0,0
326,61.0,0,0,1.9792758428991135,1,0,0,0,1,0,0,1
327,36.0,0,0,2.6390573296152584,0,1,0,1,0,0,0,1
328,31.0,1,1,3.0692150503137943,0,1,0,0,1,0,0,1
329,16.0,0,1,4.077184839375167,0,1,1,0,0,1,0,0
330,24.0,2,0,3.188416617383492,0,1,0,0,1,0,1,0
331,45.5,0,0,3.3843902633457743,1,0,1,0,0,0,0,1
332,38.0,0,1,5.039951348430309,1,0,1,0,0,0,0,1
333,16.0,2,0,2.9444389791664403,1,0,0,0,1,0,0,1
334,24.0,1,0,4.902678819257608,0,1,1,0,0,0,0,1
335,24.0,0,0,2.1855792552411137,1,0,0,0,1,0,0,1
336,29.0,1,0,4.213607983048918,1,0,1,0,0,0,0,1
337,41.0,0,0,4.908971640319756,0,1,1,0,0,1,0,0
338,45.0,0,0,2.2027647577118348,1,0,0,0,1,0,0,1
339,45.0,0,0,3.597312260588446,1,0,1,0,0,0,0,1
340,2.0,1,1,3.295836866004329,1,0,0,1,0,0,0,1
341,24.0,3,2,5.575949103146316,0,1,1,0,0,0,0,1
342,28.0,0,0,2.6390573296152584,1,0,0,1,0,0,0,1
343,25.0,0,0,2.6390573296152584,1,0,0,1,0,0,0,1
344,36.0,0,0,2.6390573296152584,1,0,0,1,0,0,0,1
345,24.0,0,0,2.6390573296152584,0,1,0,1,0,0,0,1
346,40.0,0,0,2.6390573296152584,0,1,0,1,0,0,0,1
347,24.0,1,0,2.8390784635086144,0,1,0,0,1,0,0,1
348,3.0,1,1,2.8273136219290276,1,0,0,0,1,0,0,1
349,42.0,0,0,2.2682524139135403,1,0,0,0,1,0,0,1
350,23.0,0,0,2.3248357019288655,1,0,0,0,1,0,0,1
351,24.0,0,0,3.58351893845611,1,0,1,0,0,0,0,1
352,15.0,1,1,2.1076888046179385,1,0,0,0,1,1,0,0
353,25.0,1,0,2.9338568698359038,1,0,0,0,1,0,0,1
354,24.0,0,0,2.1071782966514356,1,0,0,0,1,1,0,0
355,28.0,0,0,2.3513752571634776,1,0,0,0,1,0,0,1
356,22.0,0,1,4.02535169073515,0,1,1,0,0,0,0,1
357,38.0,0,0,2.6390573296152584,0,1,0,1,0,0,0,1
358,24.0,0,0,2.1837114628556327,0,1,0,0,1,0,1,0
359,24.0,0,0,2.1837114628556327,0,1,0,0,1,0,1,0
360,40.0,1,4,3.3638415951183864,1,0,0,0,1,0,0,1
361,29.0,1,0,3.357621598945279,1,0,0,1,0,1,0,0
362,45.0,0,1,2.737880811060884,0,1,0,0,1,1,0,0
363,35.0,0,0,2.0856720914304723,1,0,0,0,1,0,0,1
364,24.0,1,0,2.803360380906535,1,0,0,0,1,0,1,0
365,30.0,0,0,2.1102132003465894,1,0,0,0,1,0,0,1
366,60.0,1,0,4.334017415487521,0,1,1,0,0,1,0,0
367,24.0,0,0,2.1076888046179385,0,1,0,0,1,1,0,0
368,24.0,0,0,2.169053700369523,0,1,0,0,1,0,1,0
369,24.0,0,0,4.252771798816619,0,1,1,0,0,1,0,0
370,25.0,1,0,4.0332082470129285,1,0,1,0,0,1,0,0
371,18.0,1,0,2.0143428636837015,1,0,0,0,1,0,0,1
372,19.0,0,0,2.2027647577118348,1,0,0,0,1,0,0,1
373,22.0,0,0,4.91730069488021,1,0,1,0,0,1,0,0
374,3.0,3,1,3.0944457464900235,0,1,0,0,1,0,0,1
375,24.0,1,0,4.420896324687287,0,1,1,0,0,1,0,0
376,22.0,0,0,2.1102132003465894,0,1,0,0,1,0,0,1
377,27.0,0,2,5.358941988364472,1,0,1,0,0,1,0,0
378,20.0,0,0,1.6119347926326877,1,0,0,0,1,1,0,0
379,19.0,0,0,2.1719067693519296,1,0,0,0,1,0,0,1
380,42.0,0,0,5.4316456135398825,0,1,1,0,0,1,0,0
381,1.0,0,2,2.817902613071225,0,1,0,0,1,1,0,0
382,32.0,0,0,2.188856327665703,1,0,0,0,1,0,0,1
383,35.0,1,0,3.970291913552122,0,1,1,0,0,0,0,1
384,24.0,0,0,2.1855792552411137,1,0,0,0,1,0,0,1
385,18.0,0,0,4.310799125385514,1,0,0,1,0,0,0,1
386,1.0,5,2,3.8691155044168695,1,0,0,0,1,0,0,1
387,36.0,0,0,2.6390573296152584,0,1,0,1,0,0,0,1
388,24.0,0,0,2.1666737276227077,1,0,0,0,1,0,1,0
389,17.0,0,0,2.5649493574615367,0,1,0,1,0,1,0,0
390,36.0,1,2,4.795790545596741,1,0,1,0,0,0,0,1
391,21.0,0,0,2.174274334826008,1,0,0,0,1,0,0,1
392,28.0,2,0,2.188856327665703,1,0,0,0,1,0,0,1
393,23.0,1,0,4.738607824217808,0,1,1,0,0,1,0,0
394,24.0,0,2,2.8735646395797834,0,1,0,0,1,0,0,1
395,22.0,0,0,2.174274334826008,1,0,0,0,1,0,0,1
396,31.0,0,0,2.180891922715322,0,1,0,0,1,0,0,1
397,46.0,0,0,3.295836866004329,1,0,0,1,0,0,0,1
398,23.0,0,0,2.4423470353692043,1,0,0,1,0,0,0,1
399,28.0,0,0,2.613739521630969,0,1,0,1,0,0,0,1
400,39.0,0,0,2.188856327665703,1,0,0,0,1,0,0,1
401,26.0,0,0,2.2027647577118348,1,0,0,0,1,0,0,1
402,21.0,1,0,2.3818582738885534,0,1,0,0,1,0,0,1
403,28.0,1,0,2.8243506567983707,1,0,0,0,1,0,0,1
404,20.0,0,0,2.2682524139135403,0,1,0,0,1,0,0,1
405,34.0,1,0,3.091042453358316,1,0,0,1,0,0,0,1
406,51.0,0,0,2.169053700369523,1,0,0,0,1,0,0,1
407,3.0,1,1,2.9831534913471307,1,0,0,1,0,0,0,1
408,21.0,0,0,2.1719067693519296,1,0,0,0,1,0,0,1
409,24.0,3,1,3.275887339030031,0,1,0,0,1,0,0,1
410,24.0,0,0,2.1855792552411137,1,0,0,0,1,0,0,1
411,24.0,0,0,2.061570298060867,1,0,0,0,1,0,1,0
412,33.0,1,0,4.51085950651685,0,1,1,0,0,0,1,0
413,24.0,0,0,0.0,1,0,0,1,0,0,0,1
414,44.0,0,0,2.188856327665703,1,0,0,0,1,0,0,1
415,24.0,0,0,2.2027647577118348,0,1,0,0,1,0,0,1
416,34.0,1,1,3.5115454388310208,0,1,0,1,0,0,0,1
417,18.0,0,2,2.6390573296152584,0,1,0,1,0,0,0,1
418,30.0,0,0,2.6390573296152584,1,0,0,1,0,0,0,1
419,10.0,0,2,3.224857896545748,0,1,0,0,1,0,0,1
420,24.0,0,0,2.1855792552411137,1,0,0,0,1,1,0,0
421,21.0,0,0,2.167143305297764,1,0,0,0,1,0,1,0
422,29.0,0,0,2.1832383353614797,1,0,0,0,1,0,0,1
423,28.0,1,1,2.7343675094195836,0,1,0,0,1,0,0,1
424,18.0,1,1,3.0545906305603445,1,0,0,0,1,0,0,1
425,24.0,0,0,2.1102132003465894,1,0,0,0,1,0,0,1
426,28.0,1,0,3.295836866004329,0,1,0,1,0,0,0,1
427,19.0,0,0,3.295836866004329,0,1,0,1,0,0,0,1
428,24.0,0,0,2.169053700369523,1,0,0,0,1,0,1,0
429,32.0,0,0,2.2027647577118348,1,0,0,0,1,0,0,1
430,28.0,0,0,3.3160025355989236,1,0,1,0,0,0,0,1
431,24.0,1,0,2.8390784635086144,0,1,0,0,1,0,0,1
432,42.0,1,0,3.295836866004329,0,1,0,1,0,0,0,1
433,17.0,0,0,2.094945728215801,1,0,0,0,1,0,0,1
434,50.0,1,0,4.041295341132285,1,0,1,0,0,0,0,1
435,14.0,1,2,4.795790545596741,0,1,1,0,0,0,0,1
436,21.0,2,2,3.5660053559634015,0,1,0,0,1,0,0,1
437,24.0,2,3,2.9831534913471307,0,1,0,1,0,0,0,1
438,64.0,1,4,5.575949103146316,1,0,1,0,0,0,0,1
439,31.0,0,0,2.4423470353692043,1,0,0,1,0,0,0,1
440,45.0,1,1,3.305053521109253,0,1,0,1,0,0,0,1
441,20.0,0,0,2.3513752571634776,1,0,0,0,1,0,0,1
442,25.0,1,0,2.1719067693519296,1,0,0,0,1,0,0,1
443,28.0,0,0,2.6390573296152584,0,1,0,1,0,0,0,1
444,24.0,0,0,2.2096470973347766,1,0,0,0,1,0,0,1
445,4.0,0,2,4.417131919904876,1,0,1,0,0,0,0,1
446,13.0,0,1,3.0204248861443626,0,1,0,1,0,0,0,1
447,34.0,0,0,3.3160025355989236,1,0,1,0,0,0,0,1
448,5.0,2,1,3.0085645861193133,0,1,0,0,1,1,0,0
449,52.0,0,0,3.449987545831587,1,0,1,0,0,0,0,1
450,36.0,1,2,3.3586377672433594,1,0,0,1,0,0,0,1
451,24.0,1,0,3.0429354648621407,1,0,0,0,1,0,0,1
452,30.0,0,0,3.3586377672433594,1,0,1,0,0,1,0,0
453,49.0,1,0,4.500966778400217,1,0,1,0,0,1,0,0
454,24.0,0,0,2.2027647577118348,1,0,0,0,1,0,0,1
455,29.0,0,0,2.1855792552411137,1,0,0,0,1,1,0,0
456,65.0,0,0,3.3160025355989236,1,0,1,0,0,0,0,1
457,24.0,1,0,3.967694202798607,0,1,1,0,0,0,0,1
458,50.0,0,0,2.4423470353692043,0,1,0,1,0,0,0,1
459,24.0,0,0,2.169053700369523,1,0,0,0,1,0,1,0
460,48.0,0,0,3.3160025355989236,1,0,1,0,0,0,0,1
461,34.0,0,0,2.2027647577118348,1,0,0,0,1,0,0,1
462,47.0,0,0,3.676300671907076,1,0,1,0,0,0,0,1
463,48.0,0,0,2.6390573296152584,1,0,0,1,0,0,0,1
464,24.0,0,0,2.2027647577118348,1,0,0,0,1,0,0,1
465,38.0,0,0,2.0856720914304723,1,0,0,0,1,0,0,1
466,24.0,0,0,0.0,1,0,0,1,0,0,0,1
467,56.0,0,0,3.3160025355989236,1,0,1,0,0,0,0,1
468,24.0,0,0,2.1661924680884908,1,0,0,0,1,0,1,0
469,0.75,2,1,3.0085645861193133,0,1,0,0,1,1,0,0
470,24.0,0,0,2.1102132003465894,1,0,0,0,1,0,0,1
471,38.0,0,0,2.2682524139135403,1,0,0,0,1,0,0,1
472,33.0,1,2,3.3586377672433594,0,1,0,1,0,0,0,1
473,23.0,0,0,2.694066212646058,0,1,0,1,0,1,0,0
474,22.0,0,0,2.3830123421066602,0,1,0,0,1,0,0,1
475,24.0,0,0,3.970291913552122,1,0,1,0,0,0,0,1
476,34.0,1,0,3.091042453358316,1,0,0,1,0,0,0,1
477,29.0,1,0,2.0851502161468174,1,0,0,0,1,0,0,1
478,22.0,0,0,2.142510233146819,1,0,0,0,1,0,0,1
479,2.0,0,1,2.586823743668066,0,1,0,0,1,0,0,1
480,9.0,5,2,3.8691155044168695,1,0,0,0,1,0,0,1
481,24.0,0,0,0.0,1,0,0,1,0,0,0,1
482,50.0,0,0,2.2027647577118348,1,0,0,0,1,0,0,1
483,63.0,0,0,2.3596740599781727,0,1,0,0,1,0,0,1
484,25.0,1,0,4.5226490762785785,1,0,1,0,0,1,0,0
485,24.0,3,1,3.275887339030031,0,1,0,0,1,0,0,1
486,35.0,1,0,4.51085950651685,0,1,1,0,0,0,0,1
487,58.0,0,0,3.4242626545931514,1,0,1,0,0,1,0,0
488,30.0,0,0,2.2027647577118348,1,0,0,0,1,0,0,1
489,9.0,1,1,2.8273136219290276,1,0,0,0,1,0,0,1
490,24.0,1,0,3.0429354648621407,1,0,0,0,1,0,0,1
491,21.0,0,0,2.1102132003465894,1,0,0,0,1,0,0,1
492,55.0,0,0,3.449987545831587,1,0,1,0,0,0,0,1
493,71.0,0,0,3.922056501139853,1,0,1,0,0,1,0,0
494,21.0,0,0,2.2027647577118348,1,0,0,0,1,0,0,1
495,24.0,0,0,2.738146075922933,1,0,0,0,1,1,0,0
496,54.0,1,0,4.37281811610993,0,1,1,0,0,1,0,0
497,24.0,0,0,2.7788192719904172,1,0,0,0,1,0,0,1
498,25.0,1,2,5.027492411162679,0,1,1,0,0,0,0,1
499,24.0,0,0,2.174274334826008,1,0,0,0,1,0,0,1
500,17.0,0,0,2.2682524139135403,1,0,0,0,1,0,0,1
501,21.0,0,0,2.169053700369523,0,1,0,0,1,0,1,0
502,24.0,0,0,2.155151800914312,0,1,0,0,1,0,1,0
503,37.0,0,0,2.3596740599781727,0,1,0,0,1,0,0,1
504,16.0,0,0,4.471638793363569,0,1,1,0,0,0,0,1
505,18.0,1,0,4.699570861409576,1,0,1,0,0,1,0,0
506,33.0,0,2,3.295836866004329,0,1,0,1,0,0,0,1
507,24.0,0,0,3.3160025355989236,1,0,1,0,0,0,0,1
508,28.0,0,0,3.1580636854714434,1,0,0,0,1,0,0,1
509,26.0,0,0,4.05171190165724,1,0,0,0,1,0,0,1
510,29.0,0,0,2.169053700369523,1,0,0,0,1,0,1,0
511,24.0,0,0,2.2027647577118348,1,0,0,0,1,0,0,1
512,36.0,0,0,3.3064287218760624,1,0,1,0,0,0,0,1
513,54.0,1,0,4.100989104940769,0,1,1,0,0,1,0,0
514,24.0,0,0,2.139571923732859,1,0,0,0,1,0,0,1
515,47.0,0,0,3.5559421706858756,1,0,1,0,0,0,0,1
516,34.0,0,0,2.4423470353692043,0,1,0,1,0,0,0,1
517,24.0,0,0,3.224857896545748,1,0,0,0,1,0,1,0
518,36.0,1,0,3.295836866004329,0,1,0,1,0,0,0,1
519,32.0,0,0,2.1855792552411137,1,0,0,0,1,0,0,1
520,30.0,0,0,4.548599834499697,0,1,1,0,0,0,0,1
521,22.0,0,0,2.1855792552411137,1,0,0,0,1,0,0,1
522,24.0,0,0,2.1071782966514356,1,0,0,0,1,1,0,0
523,44.0,0,1,4.077184839375167,0,1,1,0,0,1,0,0
524,24.0,0,0,2.1076888046179385,1,0,0,0,1,1,0,0
525,40.5,0,0,2.169053700369523,1,0,0,0,1,0,1,0
526,50.0,0,0,2.4423470353692043,0,1,0,1,0,0,0,1
527,24.0,0,0,5.406181146423973,1,0,1,0,0,0,0,1
528,39.0,0,0,2.188856327665703,1,0,0,0,1,0,0,1
529,23.0,2,1,2.5257286443082556,1,0,0,1,0,0,0,1
530,2.0,1,1,3.295836866004329,0,1,0,1,0,0,0,1
531,24.0,0,0,2.1076888046179385,1,0,0,0,1,1,0,0
532,17.0,1,1,2.1076888046179385,1,0,0,0,1,1,0,0
533,24.0,0,2,3.1509523813392697,0,1,0,0,1,1,0,0
534,30.0,0,0,2.2682524139135403,0,1,0,0,1,0,0,1
535,7.0,0,2,3.305053521109253,0,1,0,1,0,0,0,1
536,45.0,0,0,3.3160025355989236,1,0,1,0,0,0,0,1
537,30.0,0,0,4.676792929661059,0,1,1,0,0,1,0,0
538,24.0,0,0,2.740840023925201,1,0,0,0,1,0,0,1
539,22.0,0,2,3.9219733362813143,0,1,1,0,0,1,0,0
540,36.0,0,2,4.276666119016055,0,1,1,0,0,0,0,1
541,9.0,4,2,3.4742929367327062,0,1,0,0,1,0,0,1
542,11.0,4,2,3.4742929367327062,0,1,0,0,1,0,0,1
543,32.0,1,0,3.295836866004329,1,0,0,1,0,0,0,1
544,50.0,1,0,4.676792929661059,1,0,1,0,0,1,0,0
545,64.0,0,0,3.295836866004329,1,0,1,0,0,0,0,1
546,19.0,1,0,3.295836866004329,0,1,0,1,0,0,0,1
547,24.0,0,0,2.6988412620169004,1,0,0,1,0,1,0,0
548,33.0,1,1,3.0692150503137943,1,0,0,0,1,0,0,1
549,8.0,1,1,3.6309854756950335,1,0,0,1,0,0,0,1
550,17.0,0,2,4.717456363787216,1,0,1,0,0,1,0,0
551,27.0,0,0,3.295836866004329,1,0,0,1,0,0,0,1
552,24.0,0,0,2.17806441028492,1,0,0,0,1,0,1,0
553,22.0,0,0,2.1071782966514356,1,0,0,0,1,1,0,0
554,22.0,0,0,2.1719067693519296,0,1,0,0,1,0,0,1
555,62.0,0,0,3.3160025355989236,1,0,1,0,0,0,0,1
556,48.0,1,0,3.703768066607687,0,1,1,0,0,1,0,0
557,24.0,0,0,5.4316456135398825,1,0,1,0,0,1,0,0
558,39.0,1,1,4.390118804571218,0,1,1,0,0,0,0,1
559,36.0,1,0,2.91235066461494,0,1,0,0,1,0,0,1
560,24.0,0,0,2.169053700369523,1,0,0,0,1,0,1,0
561,40.0,0,0,2.1855792552411137,1,0,0,0,1,0,0,1
562,28.0,0,0,2.6741486494265287,1,0,0,1,0,0,0,1
563,24.0,0,0,2.2027647577118348,1,0,0,0,1,0,0,1
564,24.0,0,0,2.2027647577118348,0,1,0,0,1,0,0,1
565,24.0,2,0,3.224857896545748,1,0,0,0,1,0,0,1
566,19.0,0,0,2.1855792552411137,1,0,0,0,1,0,0,1
567,29.0,0,4,3.0944457464900235,0,1,0,0,1,0,0,1
568,24.0,0,0,2.1076888046179385,1,0,0,0,1,1,0,0
569,32.0,0,0,2.180891922715322,1,0,0,0,1,0,0,1
570,62.0,0,0,2.4423470353692043,1,0,0,1,0,0,0,1
571,53.0,2,0,3.960416900617205,0,1,1,0,0,0,0,1
572,36.0,0,0,3.3100867049215847,1,0,1,0,0,0,0,1
573,24.0,0,0,2.169053700369523,0,1,0,0,1,0,1,0
574,16.0,0,0,2.2027647577118348,1,0,0,0,1,0,0,1
575,19.0,0,0,2.740840023925201,1,0,0,0,1,0,0,1
576,34.0,0,0,2.6390573296152584,0,1,0,1,0,0,0,1
577,39.0,1,0,4.041295341132285,0,1,1,0,0,0,0,1
578,24.0,1,0,2.738146075922933,0,1,0,0,1,1,0,0
579,32.0,0,0,2.188856327665703,1,0,0,0,1,0,0,1
580,25.0,1,1,3.4339872044851463,0,1,0,1,0,0,0,1
581,39.0,1,1,4.717456363787216,0,1,1,0,0,1,0,0
582,54.0,0,0,3.295836866004329,1,0,0,1,0,0,0,1
583,36.0,0,0,3.716616209085536,1,0,1,0,0,1,0,0
584,24.0,0,0,2.2734137156937657,1,0,0,0,1,1,0,0
585,18.0,0,2,4.390118804571218,0,1,1,0,0,0,0,1
586,47.0,0,0,2.772588722239781,1,0,0,1,0,0,0,1
587,60.0,1,1,4.384523514872469,1,0,1,0,0,1,0,0
588,22.0,0,0,2.2027647577118348,1,0,0,0,1,0,0,1
589,24.0,0,0,2.2027647577118348,1,0,0,0,1,0,0,1
590,35.0,0,0,2.094945728215801,1,0,0,0,1,0,0,1
591,52.0,1,0,4.37281811610993,0,1,1,0,0,1,0,0
592,47.0,0,0,2.1102132003465894,1,0,0,0,1,0,0,1
593,24.0,0,2,2.169053700369523,0,1,0,0,1,0,1,0
594,37.0,1,0,3.295836866004329,1,0,0,1,0,0,0,1
595,36.0,1,1,3.224857896545748,1,0,0,0,1,0,0,1
596,24.0,0,0,3.5263605246161616,0,1,0,1,0,0,0,1
597,49.0,0,0,0.0,1,0,0,0,1,0,0,1
598,24.0,0,0,2.1071782966514356,1,0,0,0,1,1,0,0
599,49.0,1,0,4.0592215752427645,1,0,1,0,0,1,0,0
600,24.0,2,1,3.332204510175204,0,1,0,1,0,0,0,1
601,24.0,0,0,2.1855792552411137,1,0,0,0,1,0,0,1
602,24.0,0,0,3.770459441106359,1,0,1,0,0,0,0,1
603,44.0,0,0,2.2027647577118348,1,0,0,0,1,0,0,1
604,35.0,0,0,3.3160025355989236,1,0,1,0,0,1,0,0
605,36.0,1,0,2.806386101823072,1,0,0,0,1,0,0,1
606,30.0,0,0,2.1855792552411137,1,0,0,0,1,0,0,1
607,27.0,0,0,3.449987545831587,1,0,1,0,0,0,0,1
608,22.0,1,2,3.7513658711253766,0,1,0,1,0,1,0,0
609,40.0,0,0,5.039951348430309,0,1,1,0,0,0,0,1
610,39.0,1,5,3.4742929367327062,0,1,0,0,1,0,0,1
611,24.0,0,0,2.0856720914304723,1,0,0,0,1,0,0,1
612,24.0,1,0,2.803360380906535,0,1,0,0,1,0,1,0
613,24.0,0,0,2.169053700369523,1,0,0,0,1,0,1,0
614,35.0,0,0,2.2027647577118348,1,0,0,0,1,0,0,1
615,24.0,1,2,4.189654742026425,0,1,0,1,0,0,0,1
616,34.0,1,1,2.7343675094195836,1,0,0,0,1,0,0,1
617,26.0,1,0,2.8390784635086144,0,1,0,0,1,0,0,1
618,4.0,2,1,3.6888794541139363,0,1,0,1,0,0,0,1
619,26.0,0,0,2.4423470353692043,1,0,0,1,0,0,0,1
620,27.0,1,0,2.737880811060884,1,0,0,0,1,1,0,0
621,42.0,1,0,3.9806942251907276,1,0,1,0,0,0,0,1
622,20.0,1,1,2.817902613071225,1,0,0,0,1,1,0,0
623,21.0,0,0,2.180891922715322,1,0,0,0,1,0,0,1
624,21.0,0,0,2.8390784635086144,1,0,0,0,1,0,0,1
625,61.0,0,0,3.5061818266142577,1,0,1,0,0,0,0,1
626,57.0,0,0,2.5915163848462583,1,0,0,1,0,0,1,0
627,21.0,0,0,4.368919865004903,0,1,1,0,0,0,0,1
628,26.0,0,0,2.1855792552411137,1,0,0,0,1,0,0,1
629,24.0,0,0,2.167143305297764,1,0,0,0,1,0,1,0
630,80.0,0,0,3.4339872044851463,1,0,1,0,0,0,0,1
631,51.0,0,0,2.086193694502369,1,0,0,0,1,0,0,1
632,32.0,0,0,3.449987545831587,1,0,1,0,0,1,0,0
633,24.0,0,0,0.0,1,0,1,0,0,0,0,1
634,9.0,3,2,3.3638415951183864,0,1,0,0,1,0,0,1
635,28.0,0,0,2.6390573296152584,0,1,0,1,0,0,0,1
636,32.0,0,0,2.188856327665703,1,0,0,0,1,0,0,1
637,31.0,1,1,3.305053521109253,1,0,0,1,0,0,0,1
638,41.0,0,5,3.705920919968788,0,1,0,0,1,0,0,1
639,24.0,1,0,2.8390784635086144,1,0,0,0,1,0,0,1
640,20.0,0,0,2.180891922715322,1,0,0,0,1,0,0,1
641,24.0,0,0,4.252771798816619,0,1,1,0,0,1,0,0
642,2.0,3,2,3.3638415951183864,0,1,0,0,1,0,0,1
643,24.0,0,0,4.05171190165724,1,0,0,0,1,0,0,1
644,0.75,2,1,3.0085645861193133,0,1,0,0,1,1,0,0
645,48.0,1,0,4.353230991152628,1,0,1,0,0,1,0,0
646,19.0,0,0,2.1855792552411137,1,0,0,0,1,0,0,1
647,56.0,0,0,3.597312260588446,1,0,1,0,0,1,0,0
648,24.0,0,0,2.145931282948669,1,0,0,0,1,0,0,1
649,23.0,0,0,2.145931282948669,0,1,0,0,1,0,0,1
650,24.0,0,0,2.1855792552411137,1,0,0,0,1,0,0,1
651,18.0,0,1,3.1780538303479458,0,1,0,1,0,0,0,1
652,21.0,0,0,2.2442459824059346,1,0,0,0,1,0,0,1
653,24.0,0,0,2.17806441028492,0,1,0,0,1,0,1,0
654,18.0,0,0,2.0476928433652555,0,1,0,0,1,0,1,0
655,24.0,2,0,4.310799125385514,1,0,0,1,0,0,0,1
656,24.0,0,0,2.1855792552411137,1,0,0,0,1,0,0,1
657,32.0,1,1,2.803360380906535,0,1,0,0,1,0,1,0
658,23.0,0,0,2.6390573296152584,1,0,0,1,0,0,0,1
659,58.0,0,2,4.738607824217808,1,0,1,0,0,1,0,0
660,50.0,2,0,4.902678819257608,1,0,1,0,0,0,0,1
661,40.0,0,0,2.1071782966514356,1,0,0,0,1,1,0,0
662,47.0,0,0,3.2804411805263554,1,0,1,0,0,0,0,1
663,36.0,0,0,2.139571923732859,1,0,0,0,1,0,0,1
664,20.0,1,0,2.188856327665703,1,0,0,0,1,0,0,1
665,32.0,2,0,4.310799125385514,1,0,0,1,0,0,0,1
666,25.0,0,0,2.6390573296152584,1,0,0,1,0,0,0,1
667,24.0,0,0,2.1719067693519296,1,0,0,0,1,0,0,1
668,43.0,0,0,2.2027647577118348,1,0,0,0,1,0,0,1
669,24.0,1,0,3.970291913552122,0,1,1,0,0,0,0,1
670,40.0,1,1,3.6888794541139363,0,1,0,1,0,0,0,1
671,31.0,1,0,3.970291913552122,1,0,1,0,0,0,0,1
672,70.0,0,0,2.4423470353692043,1,0,0,1,0,0,0,1
673,31.0,0,0,2.6390573296152584,1,0,0,1,0,0,0,1
674,24.0,0,0,0.0,1,0,0,1,0,0,0,1
675,18.0,0,0,2.1719067693519296,1,0,0,0,1,0,0,1
676,24.5,0,0,2.2027647577118348,1,0,0,0,1,0,0,1
677,18.0,0,0,2.3833998102837652,0,1,0,0,1,0,0,1
678,43.0,1,6,3.8691155044168695,0,1,0,0,1,0,0,1
679,36.0,0,1,6.240917354759096,1,0,1,0,0,1,0,0
680,24.0,0,0,2.212386825075897,0,1,0,0,1,0,1,0
681,27.0,0,0,4.353230991152628,1,0,1,0,0,1,0,0
682,20.0,0,0,2.3248357019288655,1,0,0,0,1,0,0,1
683,14.0,5,2,3.8691155044168695,1,0,0,0,1,0,0,1
684,60.0,1,1,3.6888794541139363,1,0,0,1,0,0,0,1
685,25.0,1,2,3.7513658711253766,1,0,0,1,0,1,0,0
686,14.0,4,1,3.705920919968788,1,0,0,0,1,0,0,1
687,19.0,0,0,2.4133032309283076,1,0,0,0,1,0,0,1
688,18.0,0,0,2.174274334826008,1,0,0,0,1,0,0,1
689,15.0,0,1,5.35817698994543,0,1,1,0,0,0,0,1
690,31.0,1,0,4.060443010546419,1,0,1,0,0,0,0,1
691,4.0,0,1,2.668387256845834,0,1,0,0,1,1,0,0
692,24.0,0,0,4.05171190165724,1,0,0,0,1,0,0,1
693,25.0,0,0,2.1071782966514356,1,0,0,0,1,1,0,0
694,60.0,0,0,3.3160025355989236,1,0,1,0,0,0,0,1
695,52.0,0,0,2.6741486494265287,1,0,0,1,0,0,0,1
696,44.0,0,0,2.2027647577118348,1,0,0,0,1,0,0,1
697,24.0,0,0,2.167143305297764,0,1,0,0,1,0,1,0
698,49.0,1,1,4.717456363787216,1,0,1,0,0,1,0,0
699,42.0,0,0,2.157559320943788,1,0,0,0,1,0,0,1
700,18.0,1,0,5.4316456135398825,0,1,1,0,0,1,0,0
701,35.0,0,0,3.3064287218760624,1,0,1,0,0,0,0,1
702,18.0,0,1,2.737880811060884,0,1,0,0,1,1,0,0
703,25.0,0,0,2.1681046787623672,1,0,0,0,1,0,1,0
704,26.0,1,0,2.180891922715322,1,0,0,0,1,0,0,1
705,39.0,0,0,3.295836866004329,1,0,0,1,0,0,0,1
706,45.0,0,0,2.6741486494265287,0,1,0,1,0,0,0,1
707,42.0,0,0,3.3064287218760624,1,0,1,0,0,0,0,1
708,22.0,0,0,5.027492411162679,0,1,1,0,0,0,0,1
709,24.0,1,1,2.7878344138303452,1,0,0,0,1,1,0,0
710,24.0,0,0,3.922056501139853,0,1,1,0,0,1,0,0
711,24.0,0,0,3.3160025355989236,1,0,1,0,0,0,0,1
712,48.0,1,0,3.970291913552122,1,0,1,0,0,0,0,1
713,29.0,0,0,2.3497835148230464,1,0,0,0,1,0,0,1
714,52.0,0,0,2.6390573296152584,1,0,0,1,0,0,0,1
715,19.0,0,0,2.157559320943788,1,0,0,0,1,0,0,1
716,38.0,0,0,5.4316456135398825,0,1,1,0,0,1,0,0
717,27.0,0,0,2.4423470353692043,0,1,0,1,0,0,0,1
718,24.0,0,0,2.803360380906535,1,0,0,0,1,0,1,0
719,33.0,0,0,2.1719067693519296,1,0,0,0,1,0,0,1
720,6.0,0,1,3.5263605246161616,0,1,0,1,0,0,0,1
721,17.0,1,0,2.086193694502369,1,0,0,0,1,0,0,1
722,34.0,0,0,2.6390573296152584,1,0,0,1,0,0,0,1
723,50.0,0,0,2.6390573296152584,1,0,0,1,0,0,0,1
724,27.0,1,0,3.9908341858524357,1,0,1,0,0,0,0,1
725,20.0,0,0,2.2682524139135403,1,0,0,0,1,0,0,1
726,30.0,3,0,3.091042453358316,0,1,0,1,0,0,0,1
727,24.0,0,0,2.1676241075599285,0,1,0,0,1,0,1,0
728,25.0,1,0,3.295836866004329,1,0,0,1,0,0,0,1
729,25.0,1,0,2.188856327665703,0,1,0,0,1,0,0,1
730,29.0,0,0,5.35817698994543,0,1,1,0,0,0,0,1
731,11.0,0,0,2.9850504252071306,1,0,0,0,1,1,0,0
732,24.0,0,0,0.0,1,0,0,1,0,0,0,1
733,23.0,0,0,2.6390573296152584,1,0,0,1,0,0,0,1
734,23.0,0,0,2.6390573296152584,1,0,0,1,0,0,0,1
735,28.5,0,0,2.8390784635086144,1,0,0,0,1,0,0,1
736,48.0,1,3,3.5660053559634015,0,1,0,0,1,0,0,1
737,35.0,0,0,6.240917354759096,1,0,1,0,0,1,0,0
738,24.0,0,0,2.1855792552411137,1,0,0,0,1,0,0,1
739,24.0,0,0,2.1855792552411137,1,0,0,0,1,0,0,1
740,24.0,0,0,3.4339872044851463,1,0,1,0,0,0,0,1
741,36.0,1,0,4.380149874661021,1,0,1,0,0,0,0,1
742,21.0,2,2,5.5735788721243535,0,1,1,0,0,1,0,0
743,24.0,1,0,2.8390784635086144,1,0,0,0,1,0,0,1
744,31.0,0,0,2.188856327665703,1,0,0,0,1,0,0,1
745,70.0,1,1,4.276666119016055,1,0,1,0,0,0,0,1
746,16.0,1,1,3.056356895370426,1,0,0,0,1,0,0,1
747,30.0,0,0,2.6390573296152584,0,1,0,1,0,0,0,1
748,19.0,1,0,3.9908341858524357,1,0,1,0,0,0,0,1
749,31.0,0,0,2.169053700369523,1,0,0,0,1,0,1,0
750,4.0,1,1,3.1780538303479458,0,1,0,1,0,0,0,1
751,6.0,0,1,2.600836116795061,1,0,0,0,1,0,0,1
752,33.0,0,0,2.3513752571634776,1,0,0,0,1,0,0,1
753,23.0,0,0,2.1855792552411137,1,0,0,0,1,0,0,1
754,48.0,1,2,4.189654742026425,0,1,0,1,0,0,0,1
755,0.67,1,1,2.740840023925201,1,0,0,1,0,0,0,1
756,28.0,0,0,2.174274334826008,1,0,0,0,1,0,0,1
757,18.0,0,0,2.5257286443082556,1,0,0,1,0,0,0,1
758,34.0,0,0,2.2027647577118348,1,0,0,0,1,0,0,1
759,33.0,0,0,4.471638793363569,0,1,1,0,0,0,0,1
760,24.0,0,0,2.740840023925201,1,0,0,0,1,0,0,1
761,41.0,0,0,2.094945728215801,1,0,0,0,1,0,0,1
762,20.0,0,0,2.1076888046179385,1,0,0,0,1,1,0,0
763,36.0,1,2,4.795790545596741,0,1,1,0,0,0,0,1
764,16.0,0,0,2.1719067693519296,1,0,0,0,1,0,0,1
765,51.0,1,0,4.368919865004903,0,1,1,0,0,0,0,1
766,24.0,0,0,3.703768066607687,1,0,1,0,0,1,0,0
767,30.5,0,0,2.169053700369523,0,1,0,0,1,0,1,0
768,24.0,1,0,3.224857896545748,1,0,0,0,1,0,1,0
769,32.0,0,0,2.236712348843338,1,0,0,0,1,0,0,1
770,24.0,0,0,2.3513752571634776,1,0,0,0,1,0,0,1
771,48.0,0,0,2.180891922715322,1,0,0,0,1,0,0,1
772,57.0,0,0,2.4423470353692043,0,1,0,1,0,0,0,1
773,24.0,0,0,2.1071782966514356,1,0,0,0,1,1,0,0
774,54.0,1,3,3.1780538303479458,0,1,0,1,0,0,0,1
775,18.0,0,0,2.169053700369523,1,0,0,0,1,0,0,1
776,24.0,0,0,2.169053700369523,1,0,0,0,1,0,1,0
777,5.0,0,0,2.600836116795061,0,1,0,0,1,0,0,1
778,24.0,0,0,2.1676241075599285,1,0,0,0,1,0,1,0
779,43.0,0,1,5.35817698994543,0,1,1,0,0,0,0,1
780,13.0,0,0,2.1076888046179385,0,1,0,0,1,1,0,0
781,17.0,1,0,4.060443010546419,0,1,1,0,0,0,0,1
782,29.0,0,0,3.4339872044851463,1,0,1,0,0,0,0,1
783,24.0,1,2,3.196630215920881,1,0,0,0,1,0,0,1
784,25.0,0,0,2.0856720914304723,1,0,0,0,1,0,0,1
785,25.0,0,0,2.1102132003465894,1,0,0,0,1,0,0,1
786,18.0,0,0,2.139571923732859,0,1,0,0,1,0,0,1
787,8.0,4,1,3.405355391810819,1,0,0,0,1,0,1,0
788,1.0,1,2,3.0715352369694915,1,0,0,0,1,0,0,1
789,46.0,0,0,4.384523514872469,1,0,1,0,0,1,0,0
790,24.0,0,0,2.169053700369523,1,0,0,0,1,0,1,0
791,16.0,0,0,3.295836866004329,1,0,0,1,0,0,0,1
792,24.0,8,2,4.256321678298823,0,1,0,0,1,0,0,1
793,24.0,0,0,3.4561841799918147,1,0,1,0,0,1,0,0
794,25.0,0,0,2.1855792552411137,1,0,0,0,1,0,0,1
795,39.0,0,0,2.6390573296152584,1,0,0,1,0,0,0,1
796,49.0,0,0,3.2932111997353943,0,1,1,0,0,0,0,1
797,31.0,0,0,2.270402752283094,0,1,0,0,1,0,0,1
798,30.0,0,0,2.1076888046179385,1,0,0,0,1,1,0,0
799,30.0,1,1,3.224857896545748,0,1,0,0,1,0,0,1
800,34.0,0,0,2.6390573296152584,1,0,0,1,0,0,0,1
801,31.0,1,1,3.305053521109253,0,1,0,1,0,0,0,1
802,11.0,1,2,4.795790545596741,1,0,1,0,0,0,0,1
803,0.42,0,1,2.2530481500547457,1,0,0,0,1,1,0,0
804,27.0,0,0,2.076311648670908,1,0,0,0,1,0,0,1
805,31.0,0,0,2.1719067693519296,1,0,0,0,1,0,0,1
806,39.0,0,0,0.0,1,0,1,0,0,0,0,1
807,18.0,0,0,2.1719067693519296,0,1,0,0,1,0,0,1
808,39.0,0,0,2.6390573296152584,1,0,0,1,0,0,0,1
809,33.0,1,0,3.9908341858524357,0,1,1,0,0,0,0,1
810,26.0,0,0,2.184645795129359,1,0,0,0,1,0,0,1
811,39.0,0,0,3.224857896545748,1,0,0,0,1,0,0,1
812,35.0,0,0,2.4423470353692043,1,0,0,1,0,0,0,1
813,6.0,4,2,3.4742929367327062,0,1,0,0,1,0,0,1
814,30.5,0,0,2.2027647577118348,1,0,0,0,1,0,0,1
815,24.0,0,0,0.0,1,0,1,0,0,0,0,1
816,23.0,0,0,2.188856327665703,0,1,0,0,1,0,0,1
817,31.0,1,1,3.637696679934592,1,0,0,1,0,1,0,0
818,43.0,0,0,2.0082140323914683,1,0,0,0,1,0,0,1
819,10.0,3,2,3.3638415951183864,1,0,0,0,1,0,0,1
820,52.0,1,1,4.548599834499697,0,1,1,0,0,0,0,1
821,27.0,0,0,2.2682524139135403,1,0,0,0,1,0,0,1
822,38.0,0,0,0.0,1,0,1,0,0,0,0,1
823,27.0,0,1,2.600836116795061,0,1,0,0,1,0,0,1
824,2.0,4,1,3.705920919968788,1,0,0,0,1,0,0,1
825,24.0,0,0,2.0731719286662407,1,0,0,0,1,0,1,0
826,24.0,0,0,4.05171190165724,1,0,0,0,1,0,0,1
827,1.0,0,2,3.637696679934592,1,0,0,1,0,1,0,0
828,24.0,0,0,2.169053700369523,1,0,0,0,1,0,1,0
829,62.0,0,0,4.394449154672439,0,1,1,0,0,0,0,1
830,15.0,1,0,2.737880811060884,0,1,0,0,1,1,0,0
831,0.83,1,1,2.9831534913471307,1,0,0,1,0,0,0,1
832,24.0,0,0,2.1076888046179385,1,0,0,0,1,1,0,0
833,23.0,0,0,2.180891922715322,1,0,0,0,1,0,0,1
834,18.0,0,0,2.2300144001592104,1,0,0,0,1,0,0,1
835,39.0,1,1,4.432699549165613,0,1,1,0,0,1,0,0
836,21.0,0,0,2.2682524139135403,1,0,0,0,1,0,0,1
837,24.0,0,0,2.2027647577118348,1,0,0,0,1,0,0,1
838,32.0,0,0,4.05171190165724,1,0,0,0,1,0,0,1
839,24.0,0,0,3.4242626545931514,1,0,1,0,0,1,0,0
840,20.0,0,0,2.188856327665703,1,0,0,0,1,0,0,1
841,16.0,0,0,2.4423470353692043,1,0,0,1,0,0,0,1
842,30.0,0,0,3.4657359027997265,0,1,1,0,0,1,0,0
843,34.5,0,0,2.006534770871748,1,0,0,0,1,1,0,0
844,17.0,0,0,2.2682524139135403,1,0,0,0,1,0,0,1
845,42.0,0,0,2.145931282948669,1,0,0,0,1,0,0,1
846,24.0,8,2,4.256321678298823,1,0,0,0,1,0,0,1
847,35.0,0,0,2.1855792552411137,1,0,0,0,1,1,0,0
848,28.0,0,1,3.5263605246161616,1,0,0,1,0,0,0,1
849,24.0,1,0,4.500966778400217,0,1,1,0,0,1,0,0
850,4.0,4,2,3.4742929367327062,1,0,0,0,1,0,0,1
851,74.0,0,0,2.1719067693519296,1,0,0,0,1,0,0,1
852,9.0,1,1,2.7878344138303452,0,1,0,0,1,1,0,0
853,16.0,0,1,3.6988297849671046,0,1,1,0,0,0,0,1
854,44.0,1,0,3.295836866004329,0,1,0,1,0,0,0,1
855,18.0,0,1,2.336986519711378,0,1,0,0,1,0,0,1
856,45.0,1,1,5.11118445372147,0,1,1,0,0,0,0,1
857,51.0,0,0,3.3160025355989236,1,0,1,0,0,0,0,1
858,24.0,0,3,3.0085645861193133,0,1,0,0,1,1,0,0
859,24.0,0,0,2.1076888046179385,1,0,0,0,1,1,0,0
860,41.0,2,0,2.7152442616824506,1,0,0,0,1,0,0,1
861,21.0,1,0,2.5257286443082556,1,0,0,1,0,0,0,1
862,48.0,0,0,3.2932111997353943,0,1,1,0,0,0,0,1
863,24.0,8,2,4.256321678298823,0,1,0,0,1,0,0,1
864,24.0,0,0,2.6390573296152584,1,0,0,1,0,0,0,1
865,42.0,0,0,2.6390573296152584,0,1,0,1,0,0,0,1
866,27.0,1,0,2.698558631668595,0,1,0,1,0,1,0,0
867,31.0,0,0,3.941500250945973,1,0,1,0,0,0,0,1
868,24.0,0,0,2.3513752571634776,1,0,0,0,1,0,0,1
869,4.0,1,1,2.495953738718064,1,0,0,0,1,0,0,1
870,26.0,0,0,2.1855792552411137,1,0,0,0,1,0,0,1
871,47.0,1,1,3.9806942251907276,0,1,1,0,0,0,0,1
872,33.0,0,0,1.791759469228055,1,0,1,0,0,0,0,1
873,47.0,0,0,2.302585092994046,1,0,0,0,1,0,0,1
874,28.0,1,0,3.2188758248682006,0,1,0,1,0,1,0,0
875,15.0,0,0,2.1071782966514356,0,1,0,0,1,1,0,0
876,20.0,0,0,2.3837779082709782,1,0,0,0,1,0,0,1
877,19.0,0,0,2.1855792552411137,1,0,0,0,1,0,0,1
878,24.0,0,0,2.1855792552411137,1,0,0,0,1,0,0,1
879,56.0,0,1,4.432699549165613,0,1,1,0,0,1,0,0
880,25.0,0,1,3.295836866004329,0,1,0,1,0,0,0,1
881,33.0,0,0,2.1855792552411137,1,0,0,0,1,0,0,1
882,22.0,0,0,2.4437981558973862,0,1,0,0,1,0,0,1
883,28.0,0,0,2.4423470353692043,1,0,0,1,0,0,0,1
884,25.0,0,0,2.0856720914304723,1,0,0,0,1,0,0,1
885,39.0,0,5,3.405355391810819,0,1,0,0,1,0,1,0
886,27.0,0,0,2.6390573296152584,1,0,0,1,0,0,0,1
887,19.0,0,0,3.4339872044851463,0,1,1,0,0,0,0,1
888,24.0,1,2,3.196630215920881,0,1,0,0,1,0,0,1
889,26.0,0,0,3.4339872044851463,1,0,1,0,0,1,0,0
890,32.0,0,0,2.169053700369523,1,0,0,0,1,0,1,0
